{
  "borrowerVal": "Borrower referrence ID is not available",
  "successMsg": "Data saved successfully",
  "errorMsg": "500: Please check internet connectivity",
  "emailVal": "Enter correct E-mail ID",
  "pinCodeVal": "Enter correct pin code",
  "mobileNoVal": "Enter correct mobile number",
  "panVal": "Enter correct PAN card number",
  "requiredFieldVal": "Please enter all required fields to save the data",
  "unitDetailVal": "Please fill and save unit details in Borrower Page",
  "submitSuccess": "Data submitted successfully",
  "PFIDVal": "PF ID is not valid. Please try again later",
  "LOSDataError": "Data is not available. Please try with other",
  "DateVal": "To Date should be greater than From Date",
  "delPopUpMsg": "Are you sure that you want to delete the liabilities?",
  "liabilityDelSuccMsg": "Liabilities removed successfully",
  "liabilityDelFailMsg": "Not able to clear liability data. Please try again later",
  "PFIDValManageReview": "Please enter PFID to proceed",
  "addReviewerVal": "You have already added 3 reviewers",
  "inspectorVal": "Please try with other PFID to proceed",
  "removeReviewerVal": "Do you want to remove reviewer?",
  "reviewerIDVal": "You have already added this reviewer",
  "changeReviewerVal": "Please select atleast one checkbox to proceed",
  "reviewerAddVal": "No permission to add this user.",
  "submitInspectVal": "Please fill the required field and submit",
  "inspectionSubmitSuccess": "Inspection review submitted successfully",
  "LOSVal": "Invalid LOS Number",
  "rejectVal": "You have crossed the limit to reinitiate the inspection. Please proceed with new request",
  "onlyAlphabetsVal": "Please enter only alphabets",
  "onlyNumVal": "Only numbers are allowed",
  "onlyAlphabetsAndNumVal": "Please enter alphabets & numbers",
  "LOSLength": "Not a valid LOS Number",
  "BranchLength": "Not a valid Branch Code",
  "mobVal": "Enter correct mobile number",
  "pinVal": "Enter correct pin code",
  "landVal": "Enter correct Landline number",
  "timeOutDuration": 300
}